id,name,localized_name,primary_attr,attack_type,roles,img,icon,base_health,base_health_regen,base_mana,base_mana_regen,base_armor,base_mr,base_attack_min,base_attack_max,base_str,base_agi,base_int,str_gain,agi_gain,int_gain,attack_range,projectile_speed,attack_rate,base_attack_time,attack_point,move_speed,turn_rate,cm_enabled,legs,day_vision,night_vision,hero_id,turbo_picks,turbo_wins,pro_ban,pro_win,pro_pick,1_pick,1_win,2_pick,2_win,3_pick,3_win,4_pick,4_win,5_pick,5_win,6_pick,6_win,7_pick,7_win,8_pick,8_win,null_pick,null_win
1,npc_dota_hero_antimage,Anti-Mage,agi,Melee,"[""Carry"",""Escape"",""Nuker""]",/apps/dota2/images/dota_react/heroes/antimage.png?,/apps/dota2/images/dota_react/heroes/icons/antimage.png?,120,0.75,75,0,0,25,29,33,19,24,12,1.6,2.8,1.8,150,0,1.4,100,0.3,310,,true,2,1800,800,1,135369,70328,62,27,59,4082,2015,23102,11701,44912,23073,47484,24596,28933,14967,12847,6701,5634,2952,2066,1055,1662595,0
2,npc_dota_hero_axe,Axe,str,Melee,"[""Initiator"",""Durable"",""Disabler"",""Carry""]",/apps/dota2/images/dota_react/heroes/axe.png?,/apps/dota2/images/dota_react/heroes/icons/axe.png?,120,2.5,75,0,-1,25,30,34,25,20,18,2.8,1.7,1.6,150,900,1.7,100,0.4,315,,true,2,1800,800,2,177804,94880,242,108,258,6299,3364,33762,17816,67347,34824,71731,36557,45098,22528,20443,10027,8941,4352,3341,1629,2475778,0
3,npc_dota_hero_bane,Bane,all,Ranged,"[""Support"",""Disabler"",""Nuker"",""Durable""]",/apps/dota2/images/dota_react/heroes/bane.png?,/apps/dota2/images/dota_react/heroes/icons/bane.png?,120,0.25,75,0,1,25,-3,3,23,23,23,2.5,2.5,2.5,400,900,1.7,100,0.3,305,,true,4,1800,1200,3,36688,16618,52,53,111,795,368,4251,2032,8169,3882,9304,4596,6454,3168,3341,1649,1841,922,1006,532,407953,0
4,npc_dota_hero_bloodseeker,Bloodseeker,agi,Melee,"[""Carry"",""Disabler"",""Nuker"",""Initiator""]",/apps/dota2/images/dota_react/heroes/bloodseeker.png?,/apps/dota2/images/dota_react/heroes/icons/bloodseeker.png?,120,0.25,75,0,2,25,35,41,24,22,17,2.7,3.1,2,150,900,1.7,100,0.43,300,,true,2,1800,800,4,81404,39617,145,59,133,2734,1348,10349,5053,16368,8029,15078,7383,9196,4405,4062,1981,1825,887,670,316,1010102,0
5,npc_dota_hero_crystal_maiden,Crystal Maiden,int,Ranged,"[""Support"",""Disabler"",""Nuker""]",/apps/dota2/images/dota_react/heroes/crystal_maiden.png?,/apps/dota2/images/dota_react/heroes/icons/crystal_maiden.png?,120,0.25,75,0.5,-1,25,30,36,17,16,16,2.2,1.6,3.3,600,900,1.7,100,0.45,280,,true,2,1800,800,5,159398,79308,106,147,281,5662,2978,27279,13814,47211,23428,44599,21444,25549,12248,10984,5179,4197,1948,1279,621,1852603,0
6,npc_dota_hero_drow_ranger,Drow Ranger,agi,Ranged,"[""Carry"",""Disabler"",""Pusher""]",/apps/dota2/images/dota_react/heroes/drow_ranger.png?,/apps/dota2/images/dota_react/heroes/icons/drow_ranger.png?,120,0.25,75,0,0,25,29,36,16,20,15,1.9,2.9,1.4,625,1250,1.7,100,0.5,300,0.7,true,2,1800,800,6,237972,124811,59,31,52,6058,3007,27581,13716,46982,23312,44608,21982,25780,12512,10588,5153,3991,1919,1116,515,1900764,0
7,npc_dota_hero_earthshaker,Earthshaker,str,Melee,"[""Support"",""Initiator"",""Disabler"",""Nuker""]",/apps/dota2/images/dota_react/heroes/earthshaker.png?,/apps/dota2/images/dota_react/heroes/icons/earthshaker.png?,120,1,75,0,2,25,27,37,22,12,18,3.7,1.4,2.1,150,0,1.7,100,0.467,315,0.9,true,2,1800,800,7,194579,93690,235,122,240,4918,2390,25089,12043,50432,24536,57961,28427,40049,19958,19804,10109,9110,4696,3706,1899,2238881,0
8,npc_dota_hero_juggernaut,Juggernaut,agi,Melee,"[""Carry"",""Pusher"",""Escape""]",/apps/dota2/images/dota_react/heroes/juggernaut.png?,/apps/dota2/images/dota_react/heroes/icons/juggernaut.png?,120,0.5,75,0,0,25,20,22,20,34,14,2.2,2.8,1.4,150,0,1.4,110,0.33,300,,true,2,1800,800,8,215912,105104,66,27,79,5719,2782,27618,13487,53232,26133,55295,27085,33107,16358,13808,6809,5209,2529,1491,700,2400054,0
9,npc_dota_hero_mirana,Mirana,all,Ranged,"[""Carry"",""Support"",""Escape"",""Nuker"",""Disabler""]",/apps/dota2/images/dota_react/heroes/mirana.png?,/apps/dota2/images/dota_react/heroes/icons/mirana.png?,120,0.25,75,0.4,-2,25,-5,-1,20,24,22,1.7,2.5,1.2,630,900,1.7,100,0.35,290,,true,2,1800,800,9,80716,38552,89,38,64,2067,940,12580,5975,26357,12542,27898,13214,16985,7975,7243,3394,2874,1344,908,409,1501349,0
10,npc_dota_hero_morphling,Morphling,agi,Ranged,"[""Carry"",""Escape"",""Durable"",""Nuker"",""Disabler""]",/apps/dota2/images/dota_react/heroes/morphling.png?,/apps/dota2/images/dota_react/heroes/icons/morphling.png?,120,0.5,75,0.5,-2,25,9,18,23,24,19,3,3.9,1.8,350,1300,1.5,100,0.5,285,0.7,true,0,1800,800,10,96657,46085,371,173,363,2329,1131,11879,5560,24391,11325,29027,13377,21513,9795,12366,5745,6627,3099,3659,1710,954064,0
11,npc_dota_hero_nevermore,Shadow Fiend,agi,Ranged,"[""Carry"",""Nuker""]",/apps/dota2/images/dota_react/heroes/nevermore.png?,/apps/dota2/images/dota_react/heroes/icons/nevermore.png?,120,0.25,75,0.3,1,25,21,27,19,20,18,2.7,3.5,2.2,525,1200,1.6,100,0.5,305,0.9,true,0,1800,800,11,266546,132215,250,55,118,5640,2784,27179,13716,53209,27017,56718,28254,35526,17703,15588,7702,6308,3075,1973,915,2064386,0
12,npc_dota_hero_phantom_lancer,Phantom Lancer,agi,Melee,"[""Carry"",""Escape"",""Pusher"",""Nuker""]",/apps/dota2/images/dota_react/heroes/phantom_lancer.png?,/apps/dota2/images/dota_react/heroes/icons/phantom_lancer.png?,120,2,75,0,-1,25,26,36,19,26,21,2.2,2.8,2,225,900,1.7,100,0.5,285,,true,2,1800,800,12,115085,62765,177,38,87,4570,2457,22191,12014,40748,21877,42967,22969,28138,14895,13190,6808,6149,3132,2581,1296,1401861,0
13,npc_dota_hero_puck,Puck,int,Ranged,"[""Initiator"",""Disabler"",""Escape"",""Nuker""]",/apps/dota2/images/dota_react/heroes/puck.png?,/apps/dota2/images/dota_react/heroes/icons/puck.png?,120,0.5,75,0.5,-3,25,22,30,17,22,23,2.4,2.5,3.8,550,900,1.7,100,0.5,290,0.9,true,2,1800,800,13,65932,29826,736,180,351,1064,502,6923,3092,18000,8235,26868,12474,23104,10868,12935,6069,6701,3219,3251,1554,801919,0
14,npc_dota_hero_pudge,Pudge,str,Melee,"[""Disabler"",""Initiator"",""Durable"",""Nuker""]",/apps/dota2/images/dota_react/heroes/pudge.png?,/apps/dota2/images/dota_react/heroes/icons/pudge.png?,120,1.75,75,0,-1,25,45,51,25,14,16,3,1.4,1.8,175,0,1.7,100,0.5,280,0.7,true,2,1800,800,14,601119,288390,106,124,236,9465,4598,54889,26432,116043,56385,129311,62550,87289,42088,42962,20689,20367,9781,7369,3544,4210418,0
15,npc_dota_hero_razor,Razor,agi,Ranged,"[""Carry"",""Durable"",""Nuker"",""Pusher""]",/apps/dota2/images/dota_react/heroes/razor.png?,/apps/dota2/images/dota_react/heroes/icons/razor.png?,120,1,75,0,0,25,23,25,22,24,21,2.8,2.8,2.2,475,2000,1.7,100,0.3,280,,true,0,1800,800,15,78246,38470,147,46,106,2357,1102,9418,4549,16108,7648,17475,8294,11823,5465,5678,2623,2705,1280,1020,452,849712,0
16,npc_dota_hero_sand_king,Sand King,all,Melee,"[""Initiator"",""Disabler"",""Support"",""Nuker"",""Escape""]",/apps/dota2/images/dota_react/heroes/sand_king.png?,/apps/dota2/images/dota_react/heroes/icons/sand_king.png?,120,0.25,75,0,0,25,3,11,22,19,19,2.7,1.8,1.8,150,900,1.7,110,0.53,290,,true,6,1800,800,16,120259,70024,34,35,76,3257,1898,14601,8202,24999,13600,25529,13600,16231,8583,7519,3880,3111,1554,1047,522,945431,0
17,npc_dota_hero_storm_spirit,Storm Spirit,int,Ranged,"[""Carry"",""Escape"",""Nuker"",""Initiator"",""Disabler""]",/apps/dota2/images/dota_react/heroes/storm_spirit.png?,/apps/dota2/images/dota_react/heroes/icons/storm_spirit.png?,120,0.5,75,0.6,1,25,24,34,21,22,23,2,2.6,3.9,480,1100,1.6,115,0.5,285,0.8,true,2,1800,800,17,88545,41163,166,82,158,2031,961,9682,4417,19591,8998,22778,10382,16045,7309,8070,3761,3778,1784,1459,682,1095453,0
18,npc_dota_hero_sven,Sven,str,Melee,"[""Carry"",""Disabler"",""Initiator"",""Durable"",""Nuker""]",/apps/dota2/images/dota_react/heroes/sven.png?,/apps/dota2/images/dota_react/heroes/icons/sven.png?,120,0.75,75,0,0,25,41,43,22,21,16,3.2,2.2,1.3,150,0,1.9,110,0.4,325,,true,2,1800,800,18,70882,32666,102,68,176,2869,1312,12113,5479,20557,9245,19926,9001,12489,5741,5722,2674,2540,1175,1232,563,1092542,0
19,npc_dota_hero_tiny,Tiny,str,Melee,"[""Carry"",""Nuker"",""Pusher"",""Initiator"",""Durable"",""Disabler""]",/apps/dota2/images/dota_react/heroes/tiny.png?,/apps/dota2/images/dota_react/heroes/icons/tiny.png?,120,1.5,75,0,0,25,31,37,30,0,17,4,0,2.2,150,900,1.7,90,0.4,285,,true,2,1800,800,19,60241,26837,110,101,190,1447,624,6779,3024,12155,5324,13556,5933,9717,4228,4784,2147,2281,1023,1292,610,580491,0
20,npc_dota_hero_vengefulspirit,Vengeful Spirit,all,Ranged,"[""Support"",""Initiator"",""Disabler"",""Nuker"",""Escape""]",/apps/dota2/images/dota_react/heroes/vengefulspirit.png?,/apps/dota2/images/dota_react/heroes/icons/vengefulspirit.png?,120,0.25,75,0,0,25,9,15,20,21,19,2.1,2.1,1.2,400,1500,1.7,110,0.33,295,,true,2,1800,800,20,78074,40025,129,188,404,2043,996,12617,6332,28511,14248,36132,18461,26762,13405,14070,7072,7101,3547,3344,1647,1319178,0
21,npc_dota_hero_windrunner,Windranger,all,Ranged,"[""Carry"",""Support"",""Disabler"",""Escape"",""Nuker""]",/apps/dota2/images/dota_react/heroes/windrunner.png?,/apps/dota2/images/dota_react/heroes/icons/windrunner.png?,120,0.25,75,0.25,0,25,5,11,18,17,18,2,1.4,2.4,600,1250,1.5,90,0.4,290,0.8,true,2,1800,800,21,155678,74931,344,65,142,4188,2000,19528,8980,35645,16446,36906,17236,23689,11079,10995,5284,4882,2307,1947,929,2008423,0
22,npc_dota_hero_zuus,Zeus,int,Ranged,"[""Nuker"",""Carry""]",/apps/dota2/images/dota_react/heroes/zuus.png?,/apps/dota2/images/dota_react/heroes/icons/zuus.png?,120,0.25,75,0,2,25,33,41,19,11,22,2.1,1.2,3.3,380,1100,1.7,100,0.35,315,,true,2,1800,800,22,230483,119398,283,158,313,4935,2558,25487,13493,51651,27114,59247,31252,40223,21255,19671,10396,9723,5108,4189,2189,1712089,0
23,npc_dota_hero_kunkka,Kunkka,str,Melee,"[""Carry"",""Support"",""Disabler"",""Initiator"",""Durable"",""Nuker""]",/apps/dota2/images/dota_react/heroes/kunkka.png?,/apps/dota2/images/dota_react/heroes/icons/kunkka.png?,120,0.75,75,0,2,25,26,36,24,14,18,3.8,1.6,1.8,150,900,1.7,100,0.4,315,,true,2,1800,800,23,95256,46520,1471,417,731,3433,1697,18418,9486,41935,22063,55456,30147,42626,23122,22321,12074,11202,6027,5949,3213,1151484,0
25,npc_dota_hero_lina,Lina,int,Ranged,"[""Support"",""Carry"",""Nuker"",""Disabler""]",/apps/dota2/images/dota_react/heroes/lina.png?,/apps/dota2/images/dota_react/heroes/icons/lina.png?,120,0.25,75,0,0,25,21,29,20,23,30,2.4,2.4,3.8,670,1000,1.6,100,0.65,290,,true,2,1800,800,25,191247,87674,670,183,391,5491,2511,24755,11454,48369,22696,58008,27401,43325,20749,23003,11166,11351,5518,5382,2600,1446968,0
26,npc_dota_hero_lion,Lion,int,Ranged,"[""Support"",""Disabler"",""Nuker"",""Initiator""]",/apps/dota2/images/dota_react/heroes/lion.png?,/apps/dota2/images/dota_react/heroes/icons/lion.png?,120,0.25,75,0,0,25,29,35,18,15,20,2.2,1.5,3.5,600,900,1.7,115,0.43,290,,true,2,1800,800,26,215917,96221,29,75,191,7408,3510,39857,18483,76221,34923,79424,36712,47991,22200,20635,9587,8702,4123,3060,1443,2690232,0
27,npc_dota_hero_shadow_shaman,Shadow Shaman,int,Ranged,"[""Support"",""Pusher"",""Disabler"",""Nuker"",""Initiator""]",/apps/dota2/images/dota_react/heroes/shadow_shaman.png?,/apps/dota2/images/dota_react/heroes/icons/shadow_shaman.png?,120,1,75,0,2,25,40,47,23,16,25,2.3,1.6,3.5,400,900,1.7,90,0.3,285,,true,2,1800,800,27,212562,113218,21,68,137,6373,3333,31790,16543,57876,30322,58100,30597,34975,18410,15673,8222,6928,3622,2761,1439,1769435,0
28,npc_dota_hero_slardar,Slardar,str,Melee,"[""Carry"",""Durable"",""Initiator"",""Disabler"",""Escape""]",/apps/dota2/images/dota_react/heroes/slardar.png?,/apps/dota2/images/dota_react/heroes/icons/slardar.png?,120,0.5,75,0,3,25,30,38,21,17,15,3.6,2.4,1.5,150,0,1.7,100,0.36,300,,true,0,1800,800,28,234801,135396,311,143,275,6579,3627,32778,18250,62569,35151,69909,39324,48840,27494,24808,13902,12159,6753,5473,3003,1382179,0
29,npc_dota_hero_tidehunter,Tidehunter,str,Melee,"[""Initiator"",""Durable"",""Disabler"",""Nuker"",""Carry""]",/apps/dota2/images/dota_react/heroes/tidehunter.png?,/apps/dota2/images/dota_react/heroes/icons/tidehunter.png?,120,0.25,75,0.5,0,25,25,31,27,15,18,3.5,1.5,1.7,150,900,1.7,100,0.6,300,,true,2,1800,800,29,60692,29869,297,168,332,1878,918,10358,4918,21825,10326,25040,11733,17257,8031,8112,3771,3868,1826,1799,820,951297,0
30,npc_dota_hero_witch_doctor,Witch Doctor,int,Ranged,"[""Support"",""Nuker"",""Disabler""]",/apps/dota2/images/dota_react/heroes/witch_doctor.png?,/apps/dota2/images/dota_react/heroes/icons/witch_doctor.png?,120,0.25,75,0,0,25,29,39,18,13,22,2.1,1.4,3.3,550,1200,1.7,100,0.4,300,,true,2,1800,800,30,341453,198868,132,112,258,9277,5294,50525,28695,102039,57337,114155,63136,74567,40609,34744,18621,15639,8144,5057,2598,3270583,0
31,npc_dota_hero_lich,Lich,int,Ranged,"[""Support"",""Nuker""]",/apps/dota2/images/dota_react/heroes/lich.png?,/apps/dota2/images/dota_react/heroes/icons/lich.png?,120,0.5,75,0.75,-1,25,24,33,20,17,24,2.1,2,3.8,550,900,1.7,100,0.46,290,0.7,true,2,1800,800,31,107668,57590,83,108,256,3323,1713,17226,9057,36065,18988,42685,22399,29953,15410,15105,7668,7106,3656,2386,1203,1604503,0
32,npc_dota_hero_riki,Riki,agi,Melee,"[""Carry"",""Escape"",""Disabler""]",/apps/dota2/images/dota_react/heroes/riki.png?,/apps/dota2/images/dota_react/heroes/icons/riki.png?,120,2.5,75,0,0,25,27,31,18,30,14,2,2.4,1.3,150,900,1.7,100,0.3,315,,true,2,1800,800,32,128616,66720,145,48,83,3940,2022,17694,9346,28755,15307,26871,14199,15758,8236,6799,3552,3105,1600,1140,602,1164137,0
33,npc_dota_hero_enigma,Enigma,all,Ranged,"[""Disabler"",""Initiator"",""Pusher""]",/apps/dota2/images/dota_react/heroes/enigma.png?,/apps/dota2/images/dota_react/heroes/icons/enigma.png?,120,0.25,75,0.5,1,25,7,13,21,14,19,2.5,1,3.6,500,900,1.7,100,0.4,290,,true,0,1800,800,33,97421,46065,31,13,20,1520,724,7126,3390,12231,5819,11716,5441,6484,3151,2673,1292,1103,518,523,285,481385,0
34,npc_dota_hero_tinker,Tinker,int,Ranged,"[""Carry"",""Nuker"",""Pusher""]",/apps/dota2/images/dota_react/heroes/tinker.png?,/apps/dota2/images/dota_react/heroes/icons/tinker.png?,120,0.25,75,0.75,2,25,22,28,19,17,30,2.3,1.4,3.3,500,900,1.7,100,0.35,290,,true,2,1800,800,34,106149,48275,144,21,60,2074,943,10175,4824,20679,10099,24108,12016,16694,8411,8398,4369,4200,2172,1936,1010,1055675,0
35,npc_dota_hero_sniper,Sniper,agi,Ranged,"[""Carry"",""Nuker""]",/apps/dota2/images/dota_react/heroes/sniper.png?,/apps/dota2/images/dota_react/heroes/icons/sniper.png?,120,0.25,75,0,-1,25,13,19,19,27,15,2,3.2,2.6,550,3000,1.7,100,0.17,285,0.7,true,2,1800,1400,35,393009,200683,63,32,79,9670,4853,46994,23604,84158,42459,79592,39895,43204,21517,15823,7674,5414,2602,1280,626,2660096,0
36,npc_dota_hero_necrolyte,Necrophos,int,Ranged,"[""Carry"",""Nuker"",""Durable"",""Disabler""]",/apps/dota2/images/dota_react/heroes/necrolyte.png?,/apps/dota2/images/dota_react/heroes/icons/necrolyte.png?,120,0.25,75,0,1,25,26,30,18,12,21,2.3,1.3,2.7,500,1200,1.7,100,0.3,280,,true,2,1800,800,36,192476,102319,920,164,358,6941,3964,37011,20347,75073,40485,86921,46714,59994,31711,29795,15534,14322,7248,6070,3038,2177351,0
37,npc_dota_hero_warlock,Warlock,int,Ranged,"[""Support"",""Initiator"",""Disabler""]",/apps/dota2/images/dota_react/heroes/warlock.png?,/apps/dota2/images/dota_react/heroes/icons/warlock.png?,120,0.25,75,0,1,25,24,34,24,10,25,3,1,3.1,600,1200,1.7,100,0.3,300,,true,2,1800,800,37,83228,44602,27,46,108,2452,1307,15921,8536,36742,19882,45210,24361,31167,16529,14906,7734,7139,3482,2219,1082,1423378,0
38,npc_dota_hero_beastmaster,Beastmaster,all,Melee,"[""Initiator"",""Disabler"",""Durable"",""Nuker""]",/apps/dota2/images/dota_react/heroes/beastmaster.png?,/apps/dota2/images/dota_react/heroes/icons/beastmaster.png?,120,0.25,75,0,0,25,3,7,25,18,16,2.9,1.4,1.2,150,0,1.7,100,0.3,305,,true,2,1800,800,38,20522,8640,207,91,181,347,150,1557,693,3216,1366,3635,1621,2475,1144,1340,627,676,309,466,225,269180,0
39,npc_dota_hero_queenofpain,Queen of Pain,int,Ranged,"[""Carry"",""Nuker"",""Escape""]",/apps/dota2/images/dota_react/heroes/queenofpain.png?,/apps/dota2/images/dota_react/heroes/icons/queenofpain.png?,120,0.25,75,0,0,25,26,32,18,22,25,2.4,2.5,3.4,550,1500,1.5,100,0.56,290,,true,2,1800,800,39,102751,48474,480,129,251,2343,1119,13658,6492,31703,15206,39757,19384,29302,14266,14856,7460,7028,3450,3029,1424,1470644,0
40,npc_dota_hero_venomancer,Venomancer,all,Ranged,"[""Support"",""Nuker"",""Initiator"",""Pusher"",""Disabler""]",/apps/dota2/images/dota_react/heroes/venomancer.png?,/apps/dota2/images/dota_react/heroes/icons/venomancer.png?,120,0.25,75,0,0,25,-1,2,19,24,19,2,2,1.4,450,900,1.7,115,0.3,280,,true,0,1800,800,40,106748,53806,152,20,44,2440,1213,14621,7557,31763,16377,36344,18697,24502,12896,11810,6200,5517,2918,2135,1103,1464202,0
41,npc_dota_hero_faceless_void,Faceless Void,agi,Melee,"[""Carry"",""Initiator"",""Disabler"",""Escape"",""Durable""]",/apps/dota2/images/dota_react/heroes/faceless_void.png?,/apps/dota2/images/dota_react/heroes/icons/faceless_void.png?,120,1,75,0,1,25,37,43,20,19,15,2.4,3,1.5,150,900,1.7,100,0.5,300,0.9,true,2,1800,800,41,204326,101805,715,201,417,5601,2630,29118,13762,58208,27757,65288,31630,44654,21977,22613,11298,11405,5725,6271,3205,1954953,0
42,npc_dota_hero_skeleton_king,Wraith King,str,Melee,"[""Carry"",""Support"",""Durable"",""Disabler"",""Initiator""]",/apps/dota2/images/dota_react/heroes/skeleton_king.png?,/apps/dota2/images/dota_react/heroes/icons/skeleton_king.png?,120,0.5,75,0,-1,25,38,40,22,16,18,3,1.7,1.6,150,0,1.7,100,0.56,315,,true,2,1800,800,42,207030,120109,577,332,642,5666,3182,32461,18205,70962,39854,83638,46957,58136,32174,29182,15879,14313,7644,6513,3267,1878575,0
43,npc_dota_hero_death_prophet,Death Prophet,int,Ranged,"[""Carry"",""Pusher"",""Nuker"",""Disabler""]",/apps/dota2/images/dota_react/heroes/death_prophet.png?,/apps/dota2/images/dota_react/heroes/icons/death_prophet.png?,120,0.25,75,0.5,1,25,23,33,21,16,24,2.9,2,3,600,1000,1.7,100,0.5,290,0.8,true,2,1800,800,43,35970,16726,79,34,80,1451,661,5519,2525,9069,4238,8943,4176,5554,2577,2619,1205,1246,580,606,324,368116,0
44,npc_dota_hero_phantom_assassin,Phantom Assassin,agi,Melee,"[""Carry"",""Escape""]",/apps/dota2/images/dota_react/heroes/phantom_assassin.png?,/apps/dota2/images/dota_react/heroes/icons/phantom_assassin.png?,120,1,75,0,1,25,31,33,19,23,15,2,3.2,1.4,150,900,1.7,100,0.3,305,0.8,true,2,1800,800,44,325662,165226,148,61,149,8835,4165,41543,19839,75365,35452,76184,35291,45815,20972,19371,8680,8016,3658,2468,1102,2948747,0
45,npc_dota_hero_pugna,Pugna,int,Ranged,"[""Nuker"",""Pusher""]",/apps/dota2/images/dota_react/heroes/pugna.png?,/apps/dota2/images/dota_react/heroes/icons/pugna.png?,120,0.25,75,0.5,0,25,21,28,19,24,24,2,1.3,5.2,630,900,1.7,100,0.5,330,,true,2,1800,800,45,90797,41642,885,368,658,3540,1637,16075,7535,31742,15373,37670,18791,27927,14304,15396,7984,8382,4369,5899,3153,1041170,0
46,npc_dota_hero_templar_assassin,Templar Assassin,agi,Ranged,"[""Carry"",""Escape""]",/apps/dota2/images/dota_react/heroes/templar_assassin.png?,/apps/dota2/images/dota_react/heroes/icons/templar_assassin.png?,120,0.25,75,0,0,25,30,36,23,23,20,2.4,3.2,2,200,900,1.7,100,0.3,310,0.7,true,2,1800,800,46,77925,34685,801,310,533,2630,1114,11643,5109,21317,9412,24361,11158,18386,8693,10427,4953,5781,2822,3562,1772,881812,0
47,npc_dota_hero_viper,Viper,agi,Ranged,"[""Carry"",""Durable"",""Initiator"",""Disabler""]",/apps/dota2/images/dota_react/heroes/viper.png?,/apps/dota2/images/dota_react/heroes/icons/viper.png?,120,0.25,75,0,-2,25,27,29,21,21,17,2.4,2.7,2,575,1200,1.7,120,0.33,275,,true,0,1800,800,47,147692,75554,216,32,66,4845,2439,19039,9466,31283,15710,29318,14653,16685,8378,6883,3428,2935,1453,1005,539,1029128,0
48,npc_dota_hero_luna,Luna,agi,Ranged,"[""Carry"",""Nuker"",""Pusher""]",/apps/dota2/images/dota_react/heroes/luna.png?,/apps/dota2/images/dota_react/heroes/icons/luna.png?,120,0.5,75,0,2,25,26,32,21,24,23,2.2,3.4,1.9,330,900,1.7,100,0.35,325,,true,2,1800,800,48,106353,53159,285,300,569,3415,1692,16146,8166,32425,16230,39343,19717,30344,15298,17592,8897,9680,4881,5662,2840,780044,0
49,npc_dota_hero_dragon_knight,Dragon Knight,str,Melee,"[""Carry"",""Pusher"",""Durable"",""Disabler"",""Initiator"",""Nuker""]",/apps/dota2/images/dota_react/heroes/dragon_knight.png?,/apps/dota2/images/dota_react/heroes/icons/dragon_knight.png?,120,0.25,75,0,0,25,34,40,21,16,18,3.6,2,1.7,150,900,1.6,100,0.5,315,,true,2,1800,800,49,52139,25744,79,46,119,2133,1056,9715,4550,16896,7882,15946,7234,9405,4352,3974,1811,1677,770,620,278,641560,0
50,npc_dota_hero_dazzle,Dazzle,all,Ranged,"[""Support"",""Nuker"",""Disabler""]",/apps/dota2/images/dota_react/heroes/dazzle.png?,/apps/dota2/images/dota_react/heroes/icons/dazzle.png?,120,0.25,75,0.3,0,25,3,9,18,20,25,2,1.4,2.5,575,1200,1.7,100,0.3,305,0.7,true,2,1800,800,50,187098,97910,1304,182,380,4012,2051,25270,12617,55695,27691,64843,32418,43470,21583,20871,10528,9498,4795,4243,2156,1458744,0
51,npc_dota_hero_rattletrap,Clockwerk,all,Melee,"[""Initiator"",""Disabler"",""Durable"",""Nuker""]",/apps/dota2/images/dota_react/heroes/rattletrap.png?,/apps/dota2/images/dota_react/heroes/icons/rattletrap.png?,120,0.5,75,0,1,25,8,10,27,13,18,2.8,2.1,1.7,150,900,1.7,100,0.33,310,,true,2,1800,800,51,46724,22691,181,143,274,897,422,5357,2663,12764,6219,15975,7585,11859,5578,6051,2901,2863,1396,1339,629,653489,0
52,npc_dota_hero_leshrac,Leshrac,int,Ranged,"[""Carry"",""Support"",""Nuker"",""Pusher"",""Disabler""]",/apps/dota2/images/dota_react/heroes/leshrac.png?,/apps/dota2/images/dota_react/heroes/icons/leshrac.png?,120,0.25,75,0,0,25,27,31,20,23,22,2.8,2.8,3.5,575,900,1.7,100,0.4,325,,true,4,1800,800,52,35338,17547,38,28,61,662,291,3218,1506,5921,2711,6222,2905,4289,2062,2181,1085,1265,624,671,336,300901,0
53,npc_dota_hero_furion,Nature's Prophet,int,Ranged,"[""Carry"",""Pusher"",""Escape"",""Nuker""]",/apps/dota2/images/dota_react/heroes/furion.png?,/apps/dota2/images/dota_react/heroes/icons/furion.png?,120,0.25,75,0.75,0,25,27,37,21,20,22,2.6,3.4,3.5,620,1125,1.5,100,0.4,295,0.9,true,2,1800,800,53,238667,115833,1194,376,665,6974,3510,37208,18019,74494,36329,85034,41967,60135,30233,31016,15788,15939,8178,8331,4249,2087768,0
54,npc_dota_hero_life_stealer,Lifestealer,str,Melee,"[""Carry"",""Durable"",""Escape"",""Disabler""]",/apps/dota2/images/dota_react/heroes/life_stealer.png?,/apps/dota2/images/dota_react/heroes/icons/life_stealer.png?,120,0.25,75,0,1,25,22,28,25,19,15,2.4,2.6,1.8,150,900,1.7,120,0.39,320,0.9,true,2,1800,800,54,138125,70718,527,160,334,3196,1540,17523,8582,36606,18224,41832,21115,29107,14880,14731,7593,6983,3582,3012,1522,1090958,0
55,npc_dota_hero_dark_seer,Dark Seer,all,Melee,"[""Initiator"",""Escape"",""Disabler""]",/apps/dota2/images/dota_react/heroes/dark_seer.png?,/apps/dota2/images/dota_react/heroes/icons/dark_seer.png?,120,1,75,0,2,25,7,13,22,19,21,2.6,1.8,2.7,150,900,1.7,100,0.59,295,,true,2,1800,800,55,40063,20778,146,33,64,620,305,3077,1539,5986,2938,6524,3252,4567,2272,2320,1161,1084,531,515,256,459937,0
56,npc_dota_hero_clinkz,Clinkz,agi,Ranged,"[""Carry"",""Escape"",""Pusher""]",/apps/dota2/images/dota_react/heroes/clinkz.png?,/apps/dota2/images/dota_react/heroes/icons/clinkz.png?,120,0.25,75,0,0,25,19,25,17,25,21,2,2.5,2.2,600,900,1.7,100,0.4,290,,true,2,1800,800,56,110378,55527,66,59,105,3276,1644,12880,6452,20978,10805,21617,11199,15044,7916,7403,3920,3883,1947,1765,917,1161007,0
57,npc_dota_hero_omniknight,Omniknight,str,Melee,"[""Support"",""Durable"",""Nuker""]",/apps/dota2/images/dota_react/heroes/omniknight.png?,/apps/dota2/images/dota_react/heroes/icons/omniknight.png?,120,0.25,75,0,2,25,31,41,23,15,16,3.1,2,2.1,150,900,1.7,100,0.433,315,,true,2,1800,800,57,53616,27184,27,21,40,1167,569,6178,2932,13023,6290,14584,7086,9384,4634,4441,2234,2045,1024,860,452,651869,0
58,npc_dota_hero_enchantress,Enchantress,int,Ranged,"[""Support"",""Pusher"",""Durable"",""Disabler""]",/apps/dota2/images/dota_react/heroes/enchantress.png?,/apps/dota2/images/dota_react/heroes/icons/enchantress.png?,120,0.25,75,0,1,25,21,31,17,19,22,1.7,2.1,3.8,575,900,1.7,100,0.3,320,,true,4,1800,800,58,57663,27773,164,122,222,2244,1099,8838,4105,13774,6057,12822,5559,7982,3365,3801,1567,1679,709,1027,423,582876,0
59,npc_dota_hero_huskar,Huskar,str,Ranged,"[""Carry"",""Durable"",""Initiator""]",/apps/dota2/images/dota_react/heroes/huskar.png?,/apps/dota2/images/dota_react/heroes/icons/huskar.png?,120,0.25,75,0,0,25,21,26,23,10,18,3.3,1.5,1.5,400,1400,1.6,100,0.3,295,,true,2,1800,800,59,115563,57981,304,60,102,4203,2017,15145,7265,23597,11390,23808,11750,15916,8073,8207,4224,4187,2212,2685,1372,921809,0
60,npc_dota_hero_night_stalker,Night Stalker,str,Melee,"[""Carry"",""Initiator"",""Durable"",""Disabler"",""Nuker""]",/apps/dota2/images/dota_react/heroes/night_stalker.png?,/apps/dota2/images/dota_react/heroes/icons/night_stalker.png?,120,2,75,0,2,25,40,44,23,18,15,3,2.2,1.6,150,900,1.7,100,0.55,295,,true,2,800,1800,60,39027,18599,206,79,169,1283,608,7803,3853,17803,9058,22507,11579,17193,9053,9414,4873,5061,2620,2314,1189,703661,0
61,npc_dota_hero_broodmother,Broodmother,all,Melee,"[""Carry"",""Pusher"",""Escape"",""Nuker""]",/apps/dota2/images/dota_react/heroes/broodmother.png?,/apps/dota2/images/dota_react/heroes/icons/broodmother.png?,120,0.25,75,0,-1,25,9,15,19,18,18,2.3,2.6,1.4,175,900,1.7,125,0.4,285,,true,8,1800,800,61,25529,9848,100,18,35,521,212,2186,893,3421,1455,3362,1519,2492,1163,1367,679,921,481,605,307,235950,0
62,npc_dota_hero_bounty_hunter,Bounty Hunter,agi,Melee,"[""Escape"",""Nuker""]",/apps/dota2/images/dota_react/heroes/bounty_hunter.png?,/apps/dota2/images/dota_react/heroes/icons/bounty_hunter.png?,120,0.75,75,0.5,5,25,33,41,19,21,22,2.5,2.6,1.9,150,900,1.7,100,0.59,325,,true,2,1800,1000,62,156877,74623,33,20,46,5018,2482,22478,11000,39297,19376,39638,19502,24623,12197,11332,5634,5403,2686,2704,1349,1239337,0
63,npc_dota_hero_weaver,Weaver,agi,Ranged,"[""Carry"",""Escape""]",/apps/dota2/images/dota_react/heroes/weaver.png?,/apps/dota2/images/dota_react/heroes/icons/weaver.png?,120,1.25,75,0.5,1,25,37,43,16,17,20,2,3.1,2,425,900,1.8,120,0.55,275,,true,4,1800,800,63,180203,92287,1265,314,612,5597,2760,27014,13211,51686,25570,59076,29456,41883,20785,21613,10647,11151,5549,6381,3207,1041477,0
64,npc_dota_hero_jakiro,Jakiro,int,Ranged,"[""Support"",""Nuker"",""Pusher"",""Disabler""]",/apps/dota2/images/dota_react/heroes/jakiro.png?,/apps/dota2/images/dota_react/heroes/icons/jakiro.png?,120,0.25,75,0,1,25,27,35,25,15,26,2.5,1.2,3,400,1100,1.7,100,0.4,290,,true,2,1800,800,64,147891,78909,63,154,332,3841,2107,24945,13587,58725,31777,70841,38279,48602,26093,23249,12277,10508,5484,3520,1818,2031886,0
65,npc_dota_hero_batrider,Batrider,all,Ranged,"[""Initiator"",""Disabler"",""Escape""]",/apps/dota2/images/dota_react/heroes/batrider.png?,/apps/dota2/images/dota_react/heroes/icons/batrider.png?,120,1.75,75,0,2,25,-4,0,28,15,22,2.2,1.4,2,400,900,1.7,100,0.3,330,0.9,true,2,1600,800,65,18963,6789,69,26,58,312,134,1357,556,2664,1065,2948,1158,1995,821,1057,431,500,205,334,174,247196,0
66,npc_dota_hero_chen,Chen,all,Ranged,"[""Support"",""Pusher""]",/apps/dota2/images/dota_react/heroes/chen.png?,/apps/dota2/images/dota_react/heroes/icons/chen.png?,120,0.25,75,0.5,-1,25,9,16,23,15,19,2,2.1,3.2,650,1100,1.7,100,0.5,305,,true,2,1800,800,66,22446,9990,205,79,122,324,154,1542,744,3134,1505,3899,1914,3455,1793,2074,1132,1499,802,1408,746,138301,0
67,npc_dota_hero_spectre,Spectre,agi,Melee,"[""Carry"",""Durable"",""Escape""]",/apps/dota2/images/dota_react/heroes/spectre.png?,/apps/dota2/images/dota_react/heroes/icons/spectre.png?,120,2,75,0,1,25,23,27,21,25,16,2.5,2.1,1.7,150,900,1.7,90,0.3,290,,true,0,1800,800,67,200504,116978,1101,284,581,6208,3639,35798,20284,76591,42692,89696,49224,63958,34637,32730,17546,16400,8525,8391,4457,1775515,0
68,npc_dota_hero_ancient_apparition,Ancient Apparition,int,Ranged,"[""Support"",""Disabler"",""Nuker""]",/apps/dota2/images/dota_react/heroes/ancient_apparition.png?,/apps/dota2/images/dota_react/heroes/icons/ancient_apparition.png?,120,0.25,75,0,-1,25,21,31,20,20,23,1.9,2.2,3.1,675,1250,1.7,100,0.45,285,,true,0,1800,800,68,132246,67076,568,257,483,2992,1494,17575,8976,37820,19511,45180,23113,32001,16421,16268,8255,8338,4205,4245,2179,1280595,0
69,npc_dota_hero_doom_bringer,Doom,str,Melee,"[""Carry"",""Disabler"",""Initiator"",""Durable"",""Nuker""]",/apps/dota2/images/dota_react/heroes/doom_bringer.png?,/apps/dota2/images/dota_react/heroes/icons/doom_bringer.png?,120,0.25,75,0,2,25,34,44,24,15,15,3.7,1.5,1.7,200,900,1.9,100,0.5,285,,true,2,1800,800,69,32184,14004,148,39,90,1154,518,5993,2630,11320,4721,11965,5193,7799,3375,3898,1642,1829,839,808,395,578829,0
70,npc_dota_hero_ursa,Ursa,agi,Melee,"[""Carry"",""Durable"",""Disabler""]",/apps/dota2/images/dota_react/heroes/ursa.png?,/apps/dota2/images/dota_react/heroes/icons/ursa.png?,120,0.5,75,0,1,25,24,28,25,18,16,2.6,2.8,1.5,150,900,1.7,100,0.3,310,,true,2,1800,800,70,110639,54642,204,63,165,2766,1238,12509,5775,25348,11834,29962,14147,21007,9962,10230,4867,4974,2404,1899,899,1130433,0
71,npc_dota_hero_spirit_breaker,Spirit Breaker,str,Melee,"[""Carry"",""Initiator"",""Disabler"",""Durable"",""Escape""]",/apps/dota2/images/dota_react/heroes/spirit_breaker.png?,/apps/dota2/images/dota_react/heroes/icons/spirit_breaker.png?,120,1.25,75,0.5,1,25,31,41,28,17,14,3.3,1.7,1.8,150,900,1.9,100,0.6,295,,true,2,1800,800,71,355470,176293,2316,243,491,8816,4626,48281,25140,101233,52006,114570,58446,74669,37682,34259,16915,14880,7374,4898,2416,2847672,0
72,npc_dota_hero_gyrocopter,Gyrocopter,agi,Ranged,"[""Carry"",""Nuker"",""Disabler""]",/apps/dota2/images/dota_react/heroes/gyrocopter.png?,/apps/dota2/images/dota_react/heroes/icons/gyrocopter.png?,120,0.25,75,0,2,25,16,22,22,26,21,2.5,3.3,2.4,365,3000,1.7,125,0.2,320,,true,2,1800,800,72,80833,38734,137,126,258,1725,860,9694,4509,21856,10460,28318,13580,20174,9943,10043,4938,4897,2409,2911,1426,1239168,0
73,npc_dota_hero_alchemist,Alchemist,str,Melee,"[""Carry"",""Support"",""Durable"",""Disabler"",""Initiator"",""Nuker""]",/apps/dota2/images/dota_react/heroes/alchemist.png?,/apps/dota2/images/dota_react/heroes/icons/alchemist.png?,120,0.25,75,0,-1,25,27,33,23,22,25,2.7,1.5,1.8,150,900,1.7,100,0.35,295,,true,2,1800,800,73,43344,19651,57,41,95,1249,566,6517,3054,12283,5609,13017,6098,8672,4103,4251,2086,2052,955,1001,519,500688,0
74,npc_dota_hero_invoker,Invoker,all,Ranged,"[""Carry"",""Nuker"",""Disabler"",""Escape"",""Pusher""]",/apps/dota2/images/dota_react/heroes/invoker.png?,/apps/dota2/images/dota_react/heroes/icons/invoker.png?,120,1.5,75,0,0,25,2,10,19,14,19,2.4,1.8,4,600,900,1.7,100,0.4,285,,true,2,1800,800,74,348859,165240,924,291,530,4978,2251,28167,13224,62168,29342,74604,35722,51652,25174,25630,12631,11976,5961,5407,2712,2398124,0
75,npc_dota_hero_silencer,Silencer,int,Ranged,"[""Carry"",""Support"",""Disabler"",""Initiator"",""Nuker""]",/apps/dota2/images/dota_react/heroes/silencer.png?,/apps/dota2/images/dota_react/heroes/icons/silencer.png?,120,0.25,75,0,0,25,18,32,19,22,25,2.2,2.4,2.9,600,900,1.6,100,0.5,290,,true,2,1800,800,75,175266,96999,66,49,112,4970,2642,29242,15759,58741,31175,59880,31240,35480,18277,14595,7439,5844,2934,1765,845,2110576,0
76,npc_dota_hero_obsidian_destroyer,Outworld Destroyer,int,Ranged,"[""Carry"",""Nuker"",""Disabler""]",/apps/dota2/images/dota_react/heroes/obsidian_destroyer.png?,/apps/dota2/images/dota_react/heroes/icons/obsidian_destroyer.png?,120,1,75,0,2.5,25,19,31,21,22,30,2.9,1.6,4.2,450,900,1.9,100,0.46,320,,true,4,1800,800,76,78912,40664,649,65,156,3074,1571,16274,8300,35439,18697,44495,23422,32511,17080,16161,8323,7809,4002,3009,1485,1254614,0
77,npc_dota_hero_lycan,Lycan,all,Melee,"[""Carry"",""Pusher"",""Durable"",""Escape""]",/apps/dota2/images/dota_react/heroes/lycan.png?,/apps/dota2/images/dota_react/heroes/icons/lycan.png?,120,0.25,75,0,0,25,4,9,26,16,23,3,1.4,1.2,150,900,1.7,110,0.55,305,,true,2,1800,800,77,27188,13000,212,57,106,642,297,2842,1421,5707,2883,7046,3513,5682,2932,3251,1724,1925,999,1199,599,215345,0
78,npc_dota_hero_brewmaster,Brewmaster,all,Melee,"[""Carry"",""Initiator"",""Durable"",""Disabler"",""Nuker""]",/apps/dota2/images/dota_react/heroes/brewmaster.png?,/apps/dota2/images/dota_react/heroes/icons/brewmaster.png?,120,0.5,75,0,0,25,9,16,23,19,15,3.7,2,1.6,150,900,1.7,100,0.35,310,,true,2,1800,800,78,21764,9901,761,161,311,426,186,2008,957,4475,2102,6066,2912,5453,2615,3414,1681,2176,1052,1709,849,281111,0
79,npc_dota_hero_shadow_demon,Shadow Demon,int,Ranged,"[""Support"",""Disabler"",""Initiator"",""Nuker""]",/apps/dota2/images/dota_react/heroes/shadow_demon.png?,/apps/dota2/images/dota_react/heroes/icons/shadow_demon.png?,120,0.25,75,0,0,25,29,33,23,18,22,2.6,2.2,3.6,500,900,1.7,100,0.35,290,,true,2,1800,800,79,40672,16362,173,98,204,628,253,3200,1394,7242,3295,9394,4247,7173,3352,3893,1850,2010,959,1006,496,357688,0
80,npc_dota_hero_lone_druid,Lone Druid,all,Ranged,"[""Carry"",""Pusher"",""Durable""]",/apps/dota2/images/dota_react/heroes/lone_druid.png?,/apps/dota2/images/dota_react/heroes/icons/lone_druid.png?,120,0.25,75,0,-2,25,1,5,18,20,13,2,2,2,550,900,1.6,100,0.33,325,,true,2,1800,800,80,45980,20803,588,106,175,1429,757,7791,4109,16523,8951,21405,11858,18191,10053,10843,6067,6222,3472,3755,2099,431022,0
81,npc_dota_hero_chaos_knight,Chaos Knight,str,Melee,"[""Carry"",""Disabler"",""Durable"",""Pusher"",""Initiator""]",/apps/dota2/images/dota_react/heroes/chaos_knight.png?,/apps/dota2/images/dota_react/heroes/icons/chaos_knight.png?,120,0.25,75,0,2,25,29,59,24,18,18,3.2,1.4,1.2,150,900,1.7,100,0.5,325,,true,2,1800,800,81,102467,54444,1477,205,402,5765,3073,29542,15730,56688,30107,63122,33548,44143,23502,22775,12031,11598,6198,5561,2864,1294853,0
82,npc_dota_hero_meepo,Meepo,agi,Melee,"[""Carry"",""Escape"",""Nuker"",""Disabler"",""Initiator"",""Pusher""]",/apps/dota2/images/dota_react/heroes/meepo.png?,/apps/dota2/images/dota_react/heroes/icons/meepo.png?,120,0.25,75,0,4,25,29,35,24,17,18,2.2,2.1,1.9,150,900,1.7,100,0.38,330,0.7,true,2,1800,800,82,44261,21141,101,20,30,1077,539,3962,2061,6650,3484,6994,3695,4774,2560,2645,1447,1543,870,752,409,380417,0
83,npc_dota_hero_treant,Treant Protector,str,Melee,"[""Support"",""Initiator"",""Durable"",""Disabler"",""Escape""]",/apps/dota2/images/dota_react/heroes/treant.png?,/apps/dota2/images/dota_react/heroes/icons/treant.png?,120,0.25,75,0.5,-1,25,62,70,25,15,20,3.4,1.8,1.8,150,900,1.9,100,0.6,285,,true,2,1800,800,83,75685,37046,1116,375,689,2532,1280,14870,7683,33913,18209,43668,23274,34516,18629,20387,11193,11916,6613,8259,4607,989071,0
84,npc_dota_hero_ogre_magi,Ogre Magi,str,Melee,"[""Support"",""Nuker"",""Disabler"",""Durable"",""Initiator""]",/apps/dota2/images/dota_react/heroes/ogre_magi.png?,/apps/dota2/images/dota_react/heroes/icons/ogre_magi.png?,120,0.75,120,0,4,25,44,50,23,14,0,4.2,1.5,0,150,900,1.7,100,0.3,290,,true,2,1800,800,84,295912,158042,82,120,257,6811,3601,36704,19163,69750,36218,69329,35381,40308,20482,16420,8126,6492,3224,1991,953,2107137,0
85,npc_dota_hero_undying,Undying,str,Melee,"[""Support"",""Durable"",""Disabler"",""Nuker""]",/apps/dota2/images/dota_react/heroes/undying.png?,/apps/dota2/images/dota_react/heroes/icons/undying.png?,120,-0.25,75,0.25,1,25,31,39,22,10,27,2.4,1.2,2.8,150,900,1.7,100,0.3,300,,true,2,1800,800,85,105688,54070,159,105,245,3384,1737,19164,9831,36604,18899,36615,18936,21695,11245,9634,4953,4299,2131,1736,860,1629409,0
86,npc_dota_hero_rubick,Rubick,int,Ranged,"[""Support"",""Disabler"",""Nuker""]",/apps/dota2/images/dota_react/heroes/rubick.png?,/apps/dota2/images/dota_react/heroes/icons/rubick.png?,120,0.25,75,0.5,1,25,27,33,21,23,25,2,2.5,3.1,550,1125,1.7,100,0.4,290,0.7,true,2,1800,800,86,201290,86756,336,198,420,3065,1337,19723,8520,48423,21221,63190,27605,47531,21052,24246,10708,11280,5124,4918,2251,2451395,0
87,npc_dota_hero_disruptor,Disruptor,int,Ranged,"[""Support"",""Disabler"",""Nuker"",""Initiator""]",/apps/dota2/images/dota_react/heroes/disruptor.png?,/apps/dota2/images/dota_react/heroes/icons/disruptor.png?,120,0.25,75,0,0,25,27,31,21,15,20,2.4,1.4,2.9,625,1200,1.7,100,0.4,295,,true,2,1800,800,87,61439,29318,19,64,135,1602,796,10662,5180,24724,11892,29949,14473,20548,9977,9569,4563,4167,1975,1475,720,1170705,0
88,npc_dota_hero_nyx_assassin,Nyx Assassin,all,Melee,"[""Disabler"",""Nuker"",""Initiator"",""Escape""]",/apps/dota2/images/dota_react/heroes/nyx_assassin.png?,/apps/dota2/images/dota_react/heroes/icons/nyx_assassin.png?,120,2,75,0,1,25,9,13,17,18,21,2.5,2.1,2.5,150,900,1.7,100,0.46,310,,true,6,1800,800,88,109748,53858,174,48,109,2042,1009,12120,6159,27882,14229,35445,18370,26494,13648,14020,7244,6923,3626,3516,1869,1291825,0
89,npc_dota_hero_naga_siren,Naga Siren,agi,Melee,"[""Carry"",""Support"",""Pusher"",""Disabler"",""Initiator"",""Escape""]",/apps/dota2/images/dota_react/heroes/naga_siren.png?,/apps/dota2/images/dota_react/heroes/icons/naga_siren.png?,120,1.25,75,0,1,25,23,25,21,21,21,2.6,3.3,2,150,900,1.7,110,0.5,330,,true,0,1800,800,89,42258,21929,489,124,225,1813,985,7074,3729,10884,5530,10394,5273,6836,3533,3666,1885,2260,1159,1832,934,495361,0
90,npc_dota_hero_keeper_of_the_light,Keeper of the Light,int,Ranged,"[""Support"",""Nuker"",""Disabler""]",/apps/dota2/images/dota_react/heroes/keeper_of_the_light.png?,/apps/dota2/images/dota_react/heroes/icons/keeper_of_the_light.png?,120,0.25,75,0,0,25,20,27,18,15,23,2.3,1.6,3.2,600,900,1.7,100,0.3,320,0.7,true,2,1800,800,90,35074,14562,212,88,167,909,386,4639,2063,9101,3965,9788,4549,6984,3255,3587,1643,1901,938,1249,594,410271,0
91,npc_dota_hero_wisp,Io,all,Ranged,"[""Support"",""Escape"",""Nuker""]",/apps/dota2/images/dota_react/heroes/wisp.png?,/apps/dota2/images/dota_react/heroes/icons/wisp.png?,120,0.25,75,0,1,25,4,10,17,14,23,2.7,1.6,1.7,500,1200,1.7,100,0.3,320,0.7,true,0,1800,800,91,65663,32840,310,86,142,1115,532,5452,2592,10507,5126,11359,5602,7933,4004,4256,2223,2194,1144,1144,623,516818,0
92,npc_dota_hero_visage,Visage,all,Ranged,"[""Support"",""Nuker"",""Durable"",""Disabler"",""Pusher""]",/apps/dota2/images/dota_react/heroes/visage.png?,/apps/dota2/images/dota_react/heroes/icons/visage.png?,120,0.25,75,0,-1,25,4,14,22,11,22,2.4,1,2.4,600,1400,1.7,110,0.4,285,,true,2,1800,800,92,23650,10443,178,30,68,362,190,1814,867,3532,1754,4301,2136,3608,1942,2344,1244,1640,884,1298,675,182683,0
93,npc_dota_hero_slark,Slark,agi,Melee,"[""Carry"",""Escape"",""Disabler"",""Nuker""]",/apps/dota2/images/dota_react/heroes/slark.png?,/apps/dota2/images/dota_react/heroes/icons/slark.png?,120,1.75,75,0,0,25,34,40,20,21,16,1.9,1.5,1.7,150,0,1.7,120,0.5,300,0.7,true,2,1800,1800,93,185881,94098,254,92,160,4991,2427,28123,13983,56159,27213,59927,28795,37345,17848,16913,8130,7871,3867,2988,1485,2383843,0
94,npc_dota_hero_medusa,Medusa,agi,Ranged,"[""Carry"",""Disabler"",""Durable""]",/apps/dota2/images/dota_react/heroes/medusa.png?,/apps/dota2/images/dota_react/heroes/icons/medusa.png?,120,0.25,75,0,-1,25,26,32,0,22,25,0,3.4,3.4,600,1200,1.7,100,0.5,275,,true,0,1800,800,94,53615,28361,44,10,20,1882,878,7672,3683,11817,5652,9770,4532,5069,2305,1837,853,633,277,178,81,977621,0
95,npc_dota_hero_troll_warlord,Troll Warlord,agi,Ranged,"[""Carry"",""Pusher"",""Disabler"",""Durable""]",/apps/dota2/images/dota_react/heroes/troll_warlord.png?,/apps/dota2/images/dota_react/heroes/icons/troll_warlord.png?,120,0.25,75,0,-1,25,27,35,21,23,13,2.5,3.3,1,500,1200,1.7,100,0.3,290,,true,2,1800,800,95,92998,49333,210,69,144,3369,1793,12430,6533,18669,9559,17440,9098,11312,5815,5533,2890,2764,1427,1281,660,765025,0
96,npc_dota_hero_centaur,Centaur Warrunner,str,Melee,"[""Durable"",""Initiator"",""Disabler"",""Nuker"",""Escape""]",/apps/dota2/images/dota_react/heroes/centaur.png?,/apps/dota2/images/dota_react/heroes/icons/centaur.png?,120,5,75,0,-2,25,36,38,27,15,15,4,1,1.6,150,900,1.7,90,0.3,300,,true,4,1800,800,96,73259,38515,677,361,719,2318,1205,13920,7157,31184,15961,38343,19593,28345,14385,14847,7617,7871,4020,4331,2158,890299,0
97,npc_dota_hero_magnataur,Magnus,all,Melee,"[""Initiator"",""Disabler"",""Nuker"",""Escape""]",/apps/dota2/images/dota_react/heroes/magnataur.png?,/apps/dota2/images/dota_react/heroes/icons/magnataur.png?,120,0.5,75,0.5,1,25,9,17,25,9,19,3.1,2,1.6,150,900,1.8,100,0.5,305,0.8,true,4,1800,800,97,117024,52072,301,268,507,1384,598,10817,4880,33061,15201,50490,23565,41792,19800,23111,11108,11543,5590,5661,2750,1108394,0
98,npc_dota_hero_shredder,Timbersaw,all,Melee,"[""Nuker"",""Durable"",""Escape""]",/apps/dota2/images/dota_react/heroes/shredder.png?,/apps/dota2/images/dota_react/heroes/icons/shredder.png?,120,0.25,75,0.5,0,25,4,8,25,16,23,3.2,1.3,2.7,150,900,1.7,100,0.36,285,,true,2,1800,800,98,46769,21888,189,46,120,1286,579,5881,2611,11057,4831,12610,5604,8989,3999,4496,1982,2339,1036,1270,549,796498,0
99,npc_dota_hero_bristleback,Bristleback,str,Melee,"[""Carry"",""Durable"",""Initiator"",""Nuker""]",/apps/dota2/images/dota_react/heroes/bristleback.png?,/apps/dota2/images/dota_react/heroes/icons/bristleback.png?,120,1,75,0.25,1,25,30,36,22,17,14,2.5,1.8,2.8,150,900,1.8,100,0.3,295,0.9,true,2,1800,800,99,155652,83958,1109,118,238,7298,3812,32744,16332,55281,26770,55703,26615,34642,16500,16228,7786,7822,3749,3766,1811,1648462,0
100,npc_dota_hero_tusk,Tusk,str,Melee,"[""Initiator"",""Disabler"",""Nuker""]",/apps/dota2/images/dota_react/heroes/tusk.png?,/apps/dota2/images/dota_react/heroes/icons/tusk.png?,120,1,75,0.5,1,25,27,31,23,23,18,3.9,2.1,1.7,150,900,1.7,100,0.36,310,0.7,true,2,1800,800,100,94533,42376,424,366,719,1608,702,8962,3958,20448,9139,27580,12446,22579,10532,12805,5959,6813,3243,3973,1941,833624,0
101,npc_dota_hero_skywrath_mage,Skywrath Mage,int,Ranged,"[""Support"",""Nuker"",""Disabler""]",/apps/dota2/images/dota_react/heroes/skywrath_mage.png?,/apps/dota2/images/dota_react/heroes/icons/skywrath_mage.png?,120,0.25,75,0,-2,25,16,26,21,13,23,2,0.8,4.1,625,1000,1.7,100,0.4,325,,true,2,1800,800,101,145201,74823,89,129,293,4160,2104,20755,10397,39412,19830,42142,20883,27880,13696,13318,6538,6487,3227,2990,1455,1821201,0
102,npc_dota_hero_abaddon,Abaddon,all,Melee,"[""Support"",""Carry"",""Durable""]",/apps/dota2/images/dota_react/heroes/abaddon.png?,/apps/dota2/images/dota_react/heroes/icons/abaddon.png?,120,1,75,0.25,-1,25,2,12,22,23,18,2.2,1.3,1.2,150,900,1.5,95,0.56,325,0.6,true,2,1800,800,102,67228,37286,28,20,46,1245,653,6854,3637,14794,7894,17846,9545,12781,6762,6595,3465,2962,1586,1135,590,642572,0
103,npc_dota_hero_elder_titan,Elder Titan,str,Melee,"[""Initiator"",""Disabler"",""Nuker"",""Durable""]",/apps/dota2/images/dota_react/heroes/elder_titan.png?,/apps/dota2/images/dota_react/heroes/icons/elder_titan.png?,120,0.75,75,0.25,0,25,23,33,26,16,23,3,1.8,1.6,150,900,1.7,100,0.35,310,,true,2,1800,800,103,28426,14120,23,30,64,466,237,2330,1126,4179,2059,4651,2334,3268,1718,1707,893,995,531,493,268,217706,0
104,npc_dota_hero_legion_commander,Legion Commander,str,Melee,"[""Carry"",""Disabler"",""Initiator"",""Durable"",""Nuker""]",/apps/dota2/images/dota_react/heroes/legion_commander.png?,/apps/dota2/images/dota_react/heroes/icons/legion_commander.png?,120,0.25,75,0,0,25,33,37,23,18,20,3.1,1.7,2.2,150,900,1.7,100,0.46,325,,true,2,1800,800,104,173609,80987,276,146,296,6956,3498,36395,18476,71016,35459,76581,37984,49026,24157,22719,11084,10158,4900,4075,1996,3077776,0
105,npc_dota_hero_techies,Techies,all,Ranged,"[""Nuker"",""Disabler""]",/apps/dota2/images/dota_react/heroes/techies.png?,/apps/dota2/images/dota_react/heroes/icons/techies.png?,120,0.25,75,1,2,25,3,5,19,14,25,2.5,1.3,3,700,900,1.7,90,0.5,300,,true,6,1800,800,105,92654,40510,57,27,75,2476,1213,11932,5641,22424,10599,23303,10852,14523,6677,6269,2890,2448,1113,906,422,1449737,0
106,npc_dota_hero_ember_spirit,Ember Spirit,agi,Melee,"[""Carry"",""Escape"",""Nuker"",""Disabler"",""Initiator""]",/apps/dota2/images/dota_react/heroes/ember_spirit.png?,/apps/dota2/images/dota_react/heroes/icons/ember_spirit.png?,120,1.25,75,0,0,25,33,37,22,22,20,2.6,3.2,2.2,150,900,1.7,100,0.4,300,0.8,true,2,1800,800,106,51251,20472,120,77,155,1112,493,5647,2328,11697,4787,13288,5679,9248,3997,4384,1951,1923,863,814,364,1037922,0
107,npc_dota_hero_earth_spirit,Earth Spirit,str,Melee,"[""Nuker"",""Escape"",""Disabler"",""Initiator"",""Durable""]",/apps/dota2/images/dota_react/heroes/earth_spirit.png?,/apps/dota2/images/dota_react/heroes/icons/earth_spirit.png?,120,1,75,0,0,25,25,35,22,17,20,3.8,2.4,2.1,150,900,1.7,100,0.35,290,,true,2,1800,800,107,46602,19410,376,189,363,743,317,4761,2175,12253,5608,17510,8175,14541,6893,8130,3951,4174,2031,2435,1175,738061,0
108,npc_dota_hero_abyssal_underlord,Underlord,str,Melee,"[""Support"",""Nuker"",""Disabler"",""Durable"",""Escape""]",/apps/dota2/images/dota_react/heroes/abyssal_underlord.png?,/apps/dota2/images/dota_react/heroes/icons/abyssal_underlord.png?,120,0.25,75,0,3,25,37,43,25,12,17,3,1.6,2.3,200,900,1.7,100,0.45,290,,true,2,1800,800,108,33194,16971,26,16,28,827,432,4117,2060,8042,4055,8532,4279,5390,2603,2427,1161,883,400,269,129,473559,0
109,npc_dota_hero_terrorblade,Terrorblade,agi,Melee,"[""Carry"",""Pusher"",""Nuker""]",/apps/dota2/images/dota_react/heroes/terrorblade.png?,/apps/dota2/images/dota_react/heroes/icons/terrorblade.png?,120,1.5,75,0,5,25,30,36,16,22,19,2,4,1.6,150,900,1.5,110,0.3,315,0.8,true,2,1800,800,109,42036,18521,156,88,166,1043,451,4835,2052,8084,3440,8237,3499,5606,2366,2779,1208,1527,661,924,399,421023,0
110,npc_dota_hero_phoenix,Phoenix,all,Ranged,"[""Support"",""Nuker"",""Initiator"",""Escape"",""Disabler""]",/apps/dota2/images/dota_react/heroes/phoenix.png?,/apps/dota2/images/dota_react/heroes/icons/phoenix.png?,120,2,75,0,-1,25,9,19,23,12,16,3.3,1.5,1.8,525,1100,1.7,100,0.35,280,0.9,true,2,1800,800,110,43964,20083,587,276,575,955,453,6205,2937,15135,7304,20213,9939,15723,7692,9226,4597,5298,2600,3178,1530,599048,0
111,npc_dota_hero_oracle,Oracle,int,Ranged,"[""Support"",""Nuker"",""Disabler"",""Escape""]",/apps/dota2/images/dota_react/heroes/oracle.png?,/apps/dota2/images/dota_react/heroes/icons/oracle.png?,120,0.25,75,0.5,1,25,13,19,20,15,26,2.4,1.7,3.8,620,900,1.7,100,0.3,295,0.7,true,0,1800,800,111,48510,24407,129,62,131,869,425,4710,2330,11797,5963,16567,8737,13219,7096,7113,3832,3828,2054,1650,891,708689,0
112,npc_dota_hero_winter_wyvern,Winter Wyvern,all,Ranged,"[""Support"",""Disabler"",""Nuker""]",/apps/dota2/images/dota_react/heroes/winter_wyvern.png?,/apps/dota2/images/dota_react/heroes/icons/winter_wyvern.png?,120,0.25,75,0,0,25,-4,1,20,16,26,2.2,1.5,2.8,425,700,1.7,90,0.25,285,,true,2,1800,800,112,46502,22905,148,13,31,962,458,5207,2504,10043,4856,10790,5253,7264,3635,3634,1804,1874,942,1000,501,466578,0
113,npc_dota_hero_arc_warden,Arc Warden,agi,Ranged,"[""Carry"",""Escape"",""Nuker""]",/apps/dota2/images/dota_react/heroes/arc_warden.png?,/apps/dota2/images/dota_react/heroes/icons/arc_warden.png?,120,0.25,75,0,-1,25,31,37,22,20,24,2.6,3,2.6,625,900,1.7,100,0.3,285,0.7,true,2,1800,800,113,79952,40296,38,7,26,1972,1009,9677,5128,16747,9045,17109,9445,11209,6188,5831,3195,2839,1537,1286,730,522338,0
114,npc_dota_hero_monkey_king,Monkey King,agi,Melee,"[""Carry"",""Escape"",""Disabler"",""Initiator""]",/apps/dota2/images/dota_react/heroes/monkey_king.png?,/apps/dota2/images/dota_react/heroes/icons/monkey_king.png?,120,1,75,0,2,25,29,33,18,23,20,2.8,3.7,1.8,300,900,1.7,100,0.45,300,,true,2,1800,800,114,123724,57178,225,98,190,3381,1469,15640,6870,29609,13368,33341,15054,23386,10750,12093,5567,5827,2683,2686,1289,1416205,0
119,npc_dota_hero_dark_willow,Dark Willow,all,Ranged,"[""Support"",""Nuker"",""Disabler"",""Escape""]",/apps/dota2/images/dota_react/heroes/dark_willow.png?,/apps/dota2/images/dota_react/heroes/icons/dark_willow.png?,120,0.75,75,0,-1,25,5,13,20,18,21,2,1.3,2.6,475,1200,1.5,115,0.3,290,0.7,true,2,1800,800,119,136239,66912,510,329,655,3635,1716,16416,7789,31046,14677,35770,17035,25488,12122,12956,6195,6647,3166,3400,1600,1122849,0
120,npc_dota_hero_pangolier,Pangolier,all,Melee,"[""Carry"",""Nuker"",""Disabler"",""Durable"",""Escape"",""Initiator""]",/apps/dota2/images/dota_react/heroes/pangolier.png?,/apps/dota2/images/dota_react/heroes/icons/pangolier.png?,120,0.25,75,0,2,25,8,14,19,18,16,2.5,2.5,1.9,150,900,1.7,100,0.33,295,0.9,true,2,1800,800,120,39195,15949,515,155,325,811,364,4146,1797,9379,3873,12310,5138,10355,4428,5905,2605,3252,1452,2169,1054,725770,0
121,npc_dota_hero_grimstroke,Grimstroke,int,Ranged,"[""Support"",""Nuker"",""Disabler"",""Escape""]",/apps/dota2/images/dota_react/heroes/grimstroke.png?,/apps/dota2/images/dota_react/heroes/icons/grimstroke.png?,120,0.25,75,0,0,25,21,25,21,18,25,2.4,1.9,3.8,600,900,1.7,100,0.35,290,,true,0,1800,800,121,82874,41308,1081,562,1152,2741,1334,16954,8298,41814,20914,55994,28186,44008,22224,24364,12282,12730,6456,7725,3857,1113938,0
123,npc_dota_hero_hoodwink,Hoodwink,agi,Ranged,"[""Support"",""Nuker"",""Escape"",""Disabler""]",/apps/dota2/images/dota_react/heroes/hoodwink.png?,/apps/dota2/images/dota_react/heroes/icons/hoodwink.png?,120,0.25,75,0,0,25,22,29,17,24,21,2,3.6,2.9,575,1800,2,100,0.4,310,0.9,true,4,1800,800,123,122161,59656,112,78,155,2464,1188,12680,6129,26877,13030,29621,14271,19292,9220,8434,4096,3571,1737,1332,672,1027039,0
126,npc_dota_hero_void_spirit,Void Spirit,all,Melee,"[""Carry"",""Escape"",""Nuker"",""Disabler""]",/apps/dota2/images/dota_react/heroes/void_spirit.png?,/apps/dota2/images/dota_react/heroes/icons/void_spirit.png?,120,0.25,75,0.6,-1,25,4,8,21,19,24,2.3,2.2,2.3,200,900,1.7,100,0.35,290,0.7,true,2,1800,800,126,64096,29681,207,53,132,1242,575,5734,2778,12510,6069,16051,7867,11958,5768,6448,3217,3149,1496,1438,695,992777,0
128,npc_dota_hero_snapfire,Snapfire,all,Ranged,"[""Support"",""Nuker"",""Disabler"",""Escape""]",/apps/dota2/images/dota_react/heroes/snapfire.png?,/apps/dota2/images/dota_react/heroes/icons/snapfire.png?,120,0.75,75,0,1,25,4,10,21,16,21,3.2,1.2,2.1,500,1800,1.6,100,0.35,300,,true,2,1800,800,128,68307,28948,83,85,193,1364,624,7879,3452,18496,8132,22808,9979,16290,7103,7821,3406,3530,1635,1360,625,1309966,0
129,npc_dota_hero_mars,Mars,str,Melee,"[""Carry"",""Initiator"",""Disabler"",""Durable""]",/apps/dota2/images/dota_react/heroes/mars.png?,/apps/dota2/images/dota_react/heroes/icons/mars.png?,120,0.25,75,0.5,-1,25,26,34,23,20,21,3.7,1.7,2.2,250,900,1.8,100,0.4,310,0.8,true,2,1800,800,129,42615,19596,62,48,109,747,339,4337,1879,10167,4524,13282,5912,10235,4606,5371,2407,2616,1180,1002,469,688564,0
135,npc_dota_hero_dawnbreaker,Dawnbreaker,str,Melee,"[""Carry"",""Durable""]",/apps/dota2/images/dota_react/heroes/dawnbreaker.png?,/apps/dota2/images/dota_react/heroes/icons/dawnbreaker.png?,120,0.25,75,0,2,25,29,33,27,14,20,3.4,1.7,2.2,150,900,1.7,100,0.46,310,0.6,true,2,1800,800,135,51150,24360,375,165,356,1369,650,8132,3904,18952,9082,25270,12180,19843,9592,10444,5043,5590,2702,2644,1225,1063560,0
136,npc_dota_hero_marci,Marci,all,Melee,"[""Support"",""Carry"",""Initiator"",""Disabler"",""Escape""]",/apps/dota2/images/dota_react/heroes/marci.png?,/apps/dota2/images/dota_react/heroes/icons/marci.png?,120,0.25,75,0,0,25,7,13,23,20,19,3,1.8,1.5,150,0,1.7,100,0.3,315,0.9,true,2,1800,800,136,66045,30858,125,79,142,1337,605,6092,2830,12222,5903,14395,6810,10959,5301,5816,2856,3233,1582,1686,844,607679,0
137,npc_dota_hero_primal_beast,Primal Beast,str,Melee,"[""Initiator"",""Durable"",""Disabler""]",/apps/dota2/images/dota_react/heroes/primal_beast.png?,/apps/dota2/images/dota_react/heroes/icons/primal_beast.png?,120,0.25,75,0,2,25,36,38,26,15,16,4.3,1,1.7,150,900,1.8,100,0.6,310,0.6,true,2,1800,800,137,65552,31778,1768,242,478,1704,798,9969,4804,22794,11013,29994,14556,24065,11753,13628,6688,7325,3652,4867,2427,964905,0
138,npc_dota_hero_muerta,Muerta,int,Ranged,"[""Carry"",""Nuker"",""Disabler""]",/apps/dota2/images/dota_react/heroes/muerta.png?,/apps/dota2/images/dota_react/heroes/icons/muerta.png?,120,0.25,75,0,-1,25,24,32,19,20,24,2,2.7,3.3,575,3000,1.6,100,0.35,295,0.7,true,2,1800,800,138,154656,83626,1000,417,775,4148,2084,19961,10235,42499,21753,54077,27334,42240,21079,23207,11437,12014,5971,7099,3376,1069467,0
